"Id","TableEnumOrId","FieldEnumOrId","CreatedById","CreatedDate"
"0G146000001aG1RCAU","Account","Name","00546000001l1cJAAQ","2018-10-13 17:16:45"
"0G146000001aG1SCAU","Account","Owner","00546000001l1cJAAQ","2018-10-13 17:16:45"
"0G146000001aG1TCAU","Account","000000000000000","00546000001l1cJAAQ","2018-10-13 17:16:45"
"0G146000001aG1UCAU","Contact","Account","00546000001l1cJAAQ","2018-10-13 17:16:45"
"0G146000001aG1VCAU","Contact","Name","00546000001l1cJAAQ","2018-10-13 17:16:45"
"0G146000001aG1WCAU","Contact","Owner","00546000001l1cJAAQ","2018-10-13 17:16:45"
"0G146000001aG1XCAU","Contact","000000000000000","00546000001l1cJAAQ","2018-10-13 17:16:45"
"0G146000001aG1YCAU","Lead","Name","00546000001l1cJAAQ","2018-10-13 17:16:45"
"0G146000001aG1ZCAU","Lead","Status","00546000001l1cJAAQ","2018-10-13 17:16:45"
"0G146000001aG1aCAE","Lead","Owner","00546000001l1cJAAQ","2018-10-13 17:16:45"
"0G146000001aG1bCAE","Lead","000000000000000","00546000001l1cJAAQ","2018-10-13 17:16:45"
"0G146000001aG1cCAE","Opportunity","Name","00546000001l1cJAAQ","2018-10-13 17:16:45"
"0G146000001aG1dCAE","Opportunity","StageName","00546000001l1cJAAQ","2018-10-13 17:16:45"
"0G146000001aG1eCAE","Opportunity","Amount","00546000001l1cJAAQ","2018-10-13 17:16:45"
"0G146000001aG1fCAE","Opportunity","CloseDate","00546000001l1cJAAQ","2018-10-13 17:16:45"
"0G146000001aG1gCAE","Opportunity","Owner","00546000001l1cJAAQ","2018-10-13 17:16:45"
"0G146000001aG1hCAE","Opportunity","000000000000000","00546000001l1cJAAQ","2018-10-13 17:16:45"
"0G146000001aG1iCAE","Case","Priority","00546000001l1cJAAQ","2018-10-13 17:16:45"
"0G146000001aG1jCAE","Case","Owner","00546000001l1cJAAQ","2018-10-13 17:16:45"
"0G146000001aG1kCAE","Case","000000000000000","00546000001l1cJAAQ","2018-10-13 17:16:45"
"0G146000001aG1lCAE","ContentDocument","000000000000000","00546000001l1cJAAQ","2018-10-13 17:16:45"
"0G146000001aG1mCAE","CollaborationGroup","Name","00546000001l1cJAAQ","2018-10-13 17:16:45"
"0G146000001aG1nCAE","CollaborationGroup","Owner","00546000001l1cJAAQ","2018-10-13 17:16:45"
"0G146000001aG1oCAE","CollaborationGroup","CollaborationType","00546000001l1cJAAQ","2018-10-13 17:16:45"
"0G146000001aG1pCAE","CollaborationGroup","Description","00546000001l1cJAAQ","2018-10-13 17:16:45"
"0G146000001aG1qCAE","CollaborationGroup","InformationTitle","00546000001l1cJAAQ","2018-10-13 17:16:45"
"0G146000001aG1rCAE","CollaborationGroup","InformationBody","00546000001l1cJAAQ","2018-10-13 17:16:45"
"0G146000001aG1sCAE","CollaborationGroup","CanHaveGuests","00546000001l1cJAAQ","2018-10-13 17:16:45"
"0G146000001aG1tCAE","CollaborationGroup","000000000000000","00546000001l1cJAAQ","2018-10-13 17:16:45"
"0G146000001aG1uCAE","Site","000000000000000","00546000001l1cJAAQ","2018-10-13 17:16:45"
"0G146000001aG1vCAE","Topic","000000000000000","00546000001l1cJAAQ","2018-10-13 17:16:45"
"0G146000001aG1wCAE","User","Title","00546000001l1cJAAQ","2018-10-13 17:16:45"
"0G146000001aG1xCAE","User","Address","00546000001l1cJAAQ","2018-10-13 17:16:45"
"0G146000001aG1yCAE","User","Email","00546000001l1cJAAQ","2018-10-13 17:16:45"
"0G146000001aG1zCAE","User","Phone","00546000001l1cJAAQ","2018-10-13 17:16:45"
"0G146000001aG20CAE","User","Manager","00546000001l1cJAAQ","2018-10-13 17:16:45"
"0G146000001aG21CAE","User","AboutMe","00546000001l1cJAAQ","2018-10-13 17:16:45"
"0G146000001aG22CAE","User","000000000000000","00546000001l1cJAAQ","2018-10-13 17:16:45"
"0G146000001aG23CAE","SOSSession","000000000000000","00546000001l1cJAAQ","2018-10-13 17:16:45"
"0G146000001aG24CAE","ProfileSkill","Name","00546000001l1cJAAQ","2018-10-13 17:16:45"
"0G146000001aG25CAE","ProfileSkill","Description","00546000001l1cJAAQ","2018-10-13 17:16:45"
"0G146000001aG26CAE","ProfileSkill","000000000000000","00546000001l1cJAAQ","2018-10-13 17:16:45"
"0G146000001aG27CAE","WorkCoaching","000000000000000","00546000001l1cJAAQ","2018-10-13 17:16:45"
"0G146000001aG28CAE","WorkGoal","000000000000000","00546000001l1cJAAQ","2018-10-13 17:16:45"
"0G146000001aG29CAE","Goal","000000000000000","00546000001l1cJAAQ","2018-10-13 17:16:45"
"0G146000001aG2ACAU","Metric","000000000000000","00546000001l1cJAAQ","2018-10-13 17:16:45"
"0G146000001aG2BCAU","WorkPerformanceCycle","000000000000000","00546000001l1cJAAQ","2018-10-13 17:16:45"
"0G146000001aG2CCAU","WorkFeedbackRequest","000000000000000","00546000001l1cJAAQ","2018-10-13 17:16:45"
"0G146000001aG2DCAU","WorkUpgradeAction","000000000000000","00546000001l1cJAAQ","2018-10-13 17:16:45"
"0G146000001aG2ECAU","WorkUpgradeCustomer","000000000000000","00546000001l1cJAAQ","2018-10-13 17:16:45"
"0G146000001aG2FCAU","Topic","Description","00546000001l1cJAAQ","2018-10-13 17:16:45"
